EventID,Season,DayNum,WTeamID,LTeamID,WPoints,LPoints,ElapsedSeconds,EventTeamID,EventPlayerID,EventType,GameID,OT,TimeRemain,EventTeam,OtherTeam,PossTeam,COP
30099809,2019,1,1104,1380,0,0,18,1380,657441,assist,2019111041380,0,2382,1380,1104,1380.0,0
30099810,2019,1,1104,1380,0,2,18,1380,657447,made2_jump,2019111041380,0,2382,1380,1104,1380.0,0
30099811,2019,1,1104,1380,2,2,42,1104,653561,made2_jump,2019111041380,0,2358,1104,1380,1104.0,1
30099812,2019,1,1104,1380,0,0,58,1380,657437,turnover,2019111041380,0,2342,1380,1104,1380.0,0
30099813,2019,1,1104,1380,0,0,63,1104,653565,assist,2019111041380,0,2337,1104,1380,1104.0,0
30099814,2019,1,1104,1380,5,2,63,1104,653564,made3_jump,2019111041380,0,2337,1104,1380,1104.0,1
30099815,2019,1,1104,1380,0,0,71,1380,657434,foul_pers,2019111041380,0,2329,1380,1104,1104.0,0
30099816,2019,1,1104,1380,0,0,71,1380,657434,turnover,2019111041380,0,2329,1380,1104,1380.0,1
30099817,2019,1,1104,1380,0,0,79,1380,657441,foul_pers,2019111041380,0,2321,1380,1104,1380.0,0
30099818,2019,1,1104,1380,0,0,94,1104,653564,miss2_jump,2019111041380,0,2306,1104,1380,1104.0,1
30099819,2019,1,1104,1380,0,0,94,1380,657432,reb_def,2019111041380,0,2306,1380,1104,1104.0,1
30099820,2019,1,1104,1380,0,0,119,1104,653565,reb_def,2019111041380,0,2281,1104,1380,1380.0,1
30099821,2019,1,1104,1380,0,0,119,1380,657437,miss3_jump,2019111041380,0,2281,1380,1104,1380.0,1
30099822,2019,1,1104,1380,0,0,146,1104,653565,assist,2019111041380,0,2254,1104,1380,1104.0,0
30099823,2019,1,1104,1380,7,2,146,1104,653562,made2_jump,2019111041380,0,2254,1104,1380,1104.0,1
30099824,2019,1,1104,1380,7,4,159,1380,657434,made2_jump,2019111041380,0,2241,1380,1104,1380.0,0
30099825,2019,1,1104,1380,0,0,175,1104,653562,reb_off,2019111041380,0,2225,1104,1380,1104.0,0
30099826,2019,1,1104,1380,0,0,175,1104,653563,miss3_jump,2019111041380,0,2225,1104,1380,1104.0,0
30099827,2019,1,1104,1380,0,0,177,1104,653562,miss1_free,2019111041380,0,2223,1104,1380,1104.0,1
30099828,2019,1,1104,1380,0,0,177,1380,657437,foul_pers,2019111041380,0,2223,1380,1104,1104.0,0
30099829,2019,1,1104,1380,0,0,177,1380,657438,sub_in,2019111041380,0,2223,1380,1104,1104.0,0
30099830,2019,1,1104,1380,0,0,177,1380,657447,reb_def,2019111041380,0,2223,1380,1104,1104.0,1
30099831,2019,1,1104,1380,8,4,177,1104,653562,made1_free,2019111041380,0,2223,1104,1380,1104.0,0
30099832,2019,1,1104,1380,0,0,194,1104,653565,foul_pers,2019111041380,0,2206,1104,1380,1104.0,0
30099833,2019,1,1104,1380,0,0,194,1380,657434,sub_out,2019111041380,0,2206,1380,1104,1104.0,0
30099834,2019,1,1104,1380,0,0,201,1380,657447,turnover,2019111041380,0,2199,1380,1104,1380.0,1
30099835,2019,1,1104,1380,0,0,212,1104,653561,turnover,2019111041380,0,2188,1104,1380,1104.0,1
30099836,2019,1,1104,1380,0,0,214,1380,657441,steal,2019111041380,0,2186,1380,1104,1104.0,0
30099837,2019,1,1104,1380,0,0,221,1104,653561,block,2019111041380,0,2179,1104,1380,1380.0,1
30099838,2019,1,1104,1380,0,0,221,1380,657438,miss2_jump,2019111041380,0,2179,1380,1104,1380.0,0
30099839,2019,1,1104,1380,0,0,223,1380,657438,reb_off,2019111041380,0,2177,1380,1104,1380.0,1
30099840,2019,1,1104,1380,8,6,225,1380,657438,made2_jump,2019111041380,0,2175,1380,1104,1380.0,0
30099841,2019,1,1104,1380,0,0,238,1104,653565,assist,2019111041380,0,2162,1104,1380,1104.0,1
30099842,2019,1,1104,1380,10,6,238,1104,653561,made2_dunk,2019111041380,0,2162,1104,1380,1104.0,0
30099843,2019,1,1104,1380,10,9,249,1380,657437,made3_jump,2019111041380,0,2151,1380,1104,1380.0,1
30099844,2019,1,1104,1380,0,0,266,1104,653564,reb_off,2019111041380,0,2134,1104,1380,1104.0,0
30099845,2019,1,1104,1380,0,0,266,1104,653565,miss3_jump,2019111041380,0,2134,1104,1380,1104.0,1
30099846,2019,1,1104,1380,0,0,271,1104,653556,sub_in,2019111041380,0,2129,1104,1380,1104.0,0
30099847,2019,1,1104,1380,0,0,271,1104,653561,sub_out,2019111041380,0,2129,1104,1380,1104.0,1
30099848,2019,1,1104,1380,0,0,271,1104,653563,turnover,2019111041380,0,2129,1104,1380,1104.0,0
30099849,2019,1,1104,1380,0,0,271,1380,657442,sub_in,2019111041380,0,2129,1380,1104,1104.0,1
30099850,2019,1,1104,1380,0,0,271,1380,657447,sub_out,2019111041380,0,2129,1380,1104,1104.0,0
30099851,2019,1,1104,1380,0,0,271,1380,657448,timeout_tv,2019111041380,0,2129,1380,1104,1104.0,1
30099852,2019,1,1104,1380,0,0,280,1380,657441,turnover,2019111041380,0,2120,1380,1104,1380.0,0
30099854,2019,1,1104,1380,0,0,292,1104,653563,turnover,2019111041380,0,2108,1104,1380,1104.0,0
30099853,2019,1,1104,1380,0,0,292,1104,653563,foul_pers,2019111041380,0,2108,1104,1380,1380.0,0
30099855,2019,1,1104,1380,0,0,317,1104,653563,sub_out,2019111041380,0,2083,1104,1380,1104.0,0
30099856,2019,1,1104,1380,0,0,317,1104,653569,sub_in,2019111041380,0,2083,1104,1380,1104.0,0
30099857,2019,1,1104,1380,0,0,317,1380,657438,foul_pers,2019111041380,0,2083,1380,1104,1104.0,0
30099858,2019,1,1104,1380,0,0,317,1380,657438,turnover,2019111041380,0,2083,1380,1104,1380.0,0
30099859,2019,1,1104,1380,0,0,330,1104,653565,assist,2019111041380,0,2070,1104,1380,1104.0,0
30099860,2019,1,1104,1380,13,9,330,1104,653564,made3_jump,2019111041380,0,2070,1104,1380,1104.0,0
30099861,2019,1,1104,1380,0,0,345,1380,657442,turnover,2019111041380,0,2055,1380,1104,1380.0,0
30099862,2019,1,1104,1380,0,0,346,1104,653565,steal,2019111041380,0,2054,1104,1380,1380.0,0
30099863,2019,1,1104,1380,0,0,347,1104,653565,assist,2019111041380,0,2053,1104,1380,1104.0,1
30099864,2019,1,1104,1380,15,9,347,1104,653564,made2_lay,2019111041380,0,2053,1104,1380,1104.0,0
30099865,2019,1,1104,1380,0,0,381,1104,653562,reb_def,2019111041380,0,2019,1104,1380,1380.0,1
30099866,2019,1,1104,1380,0,0,381,1380,657432,miss3_jump,2019111041380,0,2019,1380,1104,1380.0,0
30099867,2019,1,1104,1380,0,0,389,1104,653569,turnover,2019111041380,0,2011,1104,1380,1104.0,0
30099868,2019,1,1104,1380,0,0,391,1380,657442,steal,2019111041380,0,2009,1380,1104,1104.0,1
30099869,2019,1,1104,1380,0,0,396,1380,657441,miss2_jump,2019111041380,0,2004,1380,1104,1380.0,0
30099870,2019,1,1104,1380,0,0,396,1380,657441,reb_off,2019111041380,0,2004,1380,1104,1380.0,1
30099871,2019,1,1104,1380,0,0,414,1380,657432,assist,2019111041380,0,1986,1380,1104,1380.0,0
30099872,2019,1,1104,1380,15,11,414,1380,657438,made2_dunk,2019111041380,0,1986,1380,1104,1380.0,0
30099877,2019,1,1104,1380,0,0,429,1104,653562,turnover,2019111041380,0,1971,1104,1380,1104.0,0
30099878,2019,1,1104,1380,0,0,429,1104,653565,sub_out,2019111041380,0,1971,1104,1380,1104.0,0
30099873,2019,1,1104,1380,0,0,429,1104,653557,sub_in,2019111041380,0,1971,1104,1380,1380.0,0
30099874,2019,1,1104,1380,0,0,429,1104,653559,sub_in,2019111041380,0,1971,1104,1380,1380.0,0
30099875,2019,1,1104,1380,0,0,429,1104,653562,foul_pers,2019111041380,0,1971,1104,1380,1380.0,0
30099876,2019,1,1104,1380,0,0,429,1104,653562,sub_out,2019111041380,0,1971,1104,1380,1380.0,1
30099879,2019,1,1104,1380,0,0,447,1380,657441,reb_off,2019111041380,0,1953,1380,1104,1380.0,0
30099880,2019,1,1104,1380,0,0,447,1380,657442,miss3_jump,2019111041380,0,1953,1380,1104,1380.0,0
30099881,2019,1,1104,1380,0,0,456,1104,653559,reb_def,2019111041380,0,1944,1104,1380,1380.0,1
30099882,2019,1,1104,1380,0,0,456,1380,657447,miss2_jump,2019111041380,0,1944,1380,1104,1380.0,0
30099883,2019,1,1104,1380,0,0,458,1380,657432,sub_out,2019111041380,0,1942,1380,1104,1380.0,0
30099884,2019,1,1104,1380,0,0,458,1380,657447,foul_pers,2019111041380,0,1942,1380,1104,1380.0,0
30099885,2019,1,1104,1380,0,0,458,1380,657447,sub_in,2019111041380,0,1942,1380,1104,1380.0,0
30099886,2019,1,1104,1380,0,0,484,1104,653557,assist,2019111041380,0,1916,1104,1380,1104.0,0
30099887,2019,1,1104,1380,17,11,484,1104,653569,made2_jump,2019111041380,0,1916,1104,1380,1104.0,1
30099888,2019,1,1104,1380,17,14,498,1380,657437,made3_jump,2019111041380,0,1902,1380,1104,1380.0,1
30099889,2019,1,1104,1380,0,0,528,1104,653559,reb_off,2019111041380,0,1872,1104,1380,1104.0,0
30099890,2019,1,1104,1380,0,0,528,1104,653569,miss3_jump,2019111041380,0,1872,1104,1380,1104.0,1
30099891,2019,1,1104,1380,0,0,532,1104,653568,timeout_tv,2019111041380,0,1868,1104,1380,1104.0,0
30099892,2019,1,1104,1380,0,0,532,1380,657433,sub_in,2019111041380,0,1868,1380,1104,1104.0,1
30099893,2019,1,1104,1380,0,0,532,1380,657441,foul_pers,2019111041380,0,1868,1380,1104,1104.0,0
30099894,2019,1,1104,1380,0,0,532,1380,657441,sub_out,2019111041380,0,1868,1380,1104,1104.0,1
30099895,2019,1,1104,1380,0,0,539,1104,653556,miss2_jump,2019111041380,0,1861,1104,1380,1104.0,0
30099896,2019,1,1104,1380,0,0,539,1380,657437,block,2019111041380,0,1861,1380,1104,1104.0,0
30099897,2019,1,1104,1380,0,0,541,1380,657437,reb_def,2019111041380,0,1859,1380,1104,1104.0,1
30099898,2019,1,1104,1380,0,0,544,1380,657437,assist,2019111041380,0,1856,1380,1104,1380.0,0
30099899,2019,1,1104,1380,17,16,544,1380,657447,made2_dunk,2019111041380,0,1856,1380,1104,1380.0,1
30099900,2019,1,1104,1380,0,0,563,1104,653569,assist,2019111041380,0,1837,1104,1380,1104.0,0
30099901,2019,1,1104,1380,20,16,563,1104,653556,made3_jump,2019111041380,0,1837,1104,1380,1104.0,1
30099902,2019,1,1104,1380,0,0,594,1104,653569,reb_def,2019111041380,0,1806,1104,1380,1380.0,1
30099903,2019,1,1104,1380,0,0,594,1380,657437,miss2_lay,2019111041380,0,1806,1380,1104,1380.0,0
30099904,2019,1,1104,1380,0,0,599,1104,653557,miss3_jump,2019111041380,0,1801,1104,1380,1104.0,0
30099905,2019,1,1104,1380,0,0,599,1380,657438,reb_def,2019111041380,0,1801,1380,1104,1104.0,1
30099906,2019,1,1104,1380,0,0,607,1104,653556,reb_def,2019111041380,0,1793,1104,1380,1380.0,1
30099907,2019,1,1104,1380,0,0,607,1104,653557,foul_pers,2019111041380,0,1793,1104,1380,1380.0,0
30099908,2019,1,1104,1380,0,0,607,1104,653559,sub_out,2019111041380,0,1793,1104,1380,1380.0,0
30099909,2019,1,1104,1380,0,0,607,1104,653561,sub_in,2019111041380,0,1793,1104,1380,1380.0,0
30099910,2019,1,1104,1380,0,0,607,1104,653563,sub_in,2019111041380,0,1793,1104,1380,1380.0,0
30099911,2019,1,1104,1380,0,0,607,1104,653564,sub_out,2019111041380,0,1793,1104,1380,1380.0,0
30099912,2019,1,1104,1380,0,0,607,1380,657437,miss1_free,2019111041380,0,1793,1380,1104,1380.0,0
30099913,2019,1,1104,1380,0,0,607,1380,657437,miss1_free,2019111041380,0,1793,1380,1104,1380.0,0
30099914,2019,1,1104,1380,0,0,607,1380,657437,miss1_free,2019111041380,0,1793,1380,1104,1380.0,0
30099915,2019,1,1104,1380,0,0,607,1380,657448,reb_dead,2019111041380,0,1793,1380,1104,1380.0,0
30099916,2019,1,1104,1380,0,0,607,1380,657448,reb_dead,2019111041380,0,1793,1380,1104,1380.0,0
30099917,2019,1,1104,1380,0,0,629,1104,653569,turnover,2019111041380,0,1771,1104,1380,1104.0,1
30099918,2019,1,1104,1380,0,0,629,1380,657437,sub_out,2019111041380,0,1771,1380,1104,1104.0,0
30099919,2019,1,1104,1380,0,0,629,1380,657446,sub_in,2019111041380,0,1771,1380,1104,1104.0,0
30099920,2019,1,1104,1380,0,0,650,1380,657446,assist,2019111041380,0,1750,1380,1104,1380.0,1
30099921,2019,1,1104,1380,20,18,650,1380,657447,made2_jump,2019111041380,0,1750,1380,1104,1380.0,0
30099922,2019,1,1104,1380,0,0,673,1104,653561,miss1_free,2019111041380,0,1727,1104,1380,1104.0,0
30099923,2019,1,1104,1380,0,0,673,1380,657432,reb_def,2019111041380,0,1727,1380,1104,1104.0,1
30099924,2019,1,1104,1380,0,0,673,1380,657432,sub_in,2019111041380,0,1727,1380,1104,1104.0,0
30099925,2019,1,1104,1380,0,0,673,1380,657433,foul_pers,2019111041380,0,1727,1380,1104,1104.0,0
30099926,2019,1,1104,1380,0,0,673,1380,657442,sub_out,2019111041380,0,1727,1380,1104,1104.0,0
30099927,2019,1,1104,1380,21,18,673,1104,653561,made1_free,2019111041380,0,1727,1104,1380,1104.0,0
30099928,2019,1,1104,1380,0,0,680,1380,657432,turnover,2019111041380,0,1720,1380,1104,1380.0,1
30099929,2019,1,1104,1380,0,0,681,1104,653563,steal,2019111041380,0,1719,1104,1380,1380.0,0
30099930,2019,1,1104,1380,0,0,686,1104,653569,assist,2019111041380,0,1714,1104,1380,1104.0,1
30099931,2019,1,1104,1380,23,18,686,1104,653561,made2_lay,2019111041380,0,1714,1104,1380,1104.0,0
30099932,2019,1,1104,1380,0,0,698,1104,653563,reb_def,2019111041380,0,1702,1104,1380,1380.0,1
30099933,2019,1,1104,1380,0,0,698,1380,657447,miss3_jump,2019111041380,0,1702,1380,1104,1380.0,0
30099935,2019,1,1104,1380,0,0,703,1104,653561,miss1_free,2019111041380,0,1697,1104,1380,1104.0,0
30099936,2019,1,1104,1380,0,0,703,1104,653562,sub_in,2019111041380,0,1697,1104,1380,1104.0,0
30099937,2019,1,1104,1380,0,0,703,1104,653565,sub_in,2019111041380,0,1697,1104,1380,1104.0,0
30099938,2019,1,1104,1380,0,0,703,1104,653569,sub_out,2019111041380,0,1697,1104,1380,1104.0,0
30099939,2019,1,1104,1380,0,0,703,1380,657433,sub_out,2019111041380,0,1697,1380,1104,1104.0,0
30099940,2019,1,1104,1380,0,0,703,1380,657434,reb_def,2019111041380,0,1697,1380,1104,1104.0,1
30099941,2019,1,1104,1380,0,0,703,1380,657434,sub_in,2019111041380,0,1697,1380,1104,1104.0,0
30099942,2019,1,1104,1380,0,0,703,1380,657437,sub_in,2019111041380,0,1697,1380,1104,1104.0,0
30099943,2019,1,1104,1380,0,0,703,1380,657447,foul_pers,2019111041380,0,1697,1380,1104,1104.0,1
30099944,2019,1,1104,1380,0,0,703,1380,657447,sub_out,2019111041380,0,1697,1380,1104,1104.0,0
30099945,2019,1,1104,1380,24,18,703,1104,653561,made1_free,2019111041380,0,1697,1104,1380,1104.0,1
30099934,2019,1,1104,1380,0,0,703,1104,653556,sub_out,2019111041380,0,1697,1104,1380,1380.0,1
30099946,2019,1,1104,1380,0,0,717,1104,653557,foul_pers,2019111041380,0,1683,1104,1380,1104.0,0
30099947,2019,1,1104,1380,0,0,717,1104,653557,sub_out,2019111041380,0,1683,1104,1380,1104.0,1
30099948,2019,1,1104,1380,0,0,717,1104,653564,sub_in,2019111041380,0,1683,1104,1380,1104.0,0
30099949,2019,1,1104,1380,0,0,728,1104,653563,block,2019111041380,0,1672,1104,1380,1380.0,0
30099950,2019,1,1104,1380,0,0,728,1380,657437,miss3_jump,2019111041380,0,1672,1380,1104,1380.0,0
30099955,2019,1,1104,1380,25,18,730,1104,653565,made1_free,2019111041380,0,1670,1104,1380,1104.0,0
30099956,2019,1,1104,1380,26,18,730,1104,653563,made1_free,2019111041380,0,1670,1104,1380,1104.0,0
30099957,2019,1,1104,1380,27,18,730,1104,653563,made1_free,2019111041380,0,1670,1104,1380,1104.0,0
30099951,2019,1,1104,1380,0,0,730,1104,653563,reb_def,2019111041380,0,1670,1104,1380,1380.0,1
30099952,2019,1,1104,1380,0,0,730,1104,653568,timeout_tv,2019111041380,0,1670,1104,1380,1380.0,1
30099953,2019,1,1104,1380,0,0,730,1380,657438,foul_pers,2019111041380,0,1670,1380,1104,1380.0,0
30099954,2019,1,1104,1380,0,0,730,1380,657448,foul_pers,2019111041380,0,1670,1380,1104,1380.0,0
30099958,2019,1,1104,1380,0,0,740,1380,657434,foul_pers,2019111041380,0,1660,1380,1104,1104.0,0
30099959,2019,1,1104,1380,0,0,740,1380,657434,turnover,2019111041380,0,1660,1380,1104,1380.0,0
30099963,2019,1,1104,1380,28,18,754,1104,653563,made1_free,2019111041380,0,1646,1104,1380,1104.0,1
30099964,2019,1,1104,1380,29,18,754,1104,653563,made1_free,2019111041380,0,1646,1104,1380,1104.0,1
30099960,2019,1,1104,1380,0,0,754,1380,657434,sub_out,2019111041380,0,1646,1380,1104,1380.0,0
30099961,2019,1,1104,1380,0,0,754,1380,657437,foul_pers,2019111041380,0,1646,1380,1104,1380.0,1
30099962,2019,1,1104,1380,0,0,754,1380,657442,sub_in,2019111041380,0,1646,1380,1104,1380.0,0
30099965,2019,1,1104,1380,0,0,772,1104,653561,reb_def,2019111041380,0,1628,1104,1380,1380.0,1
30099966,2019,1,1104,1380,0,0,772,1104,653563,foul_pers,2019111041380,0,1628,1104,1380,1380.0,1
30099967,2019,1,1104,1380,0,0,772,1380,657442,miss1_free,2019111041380,0,1628,1380,1104,1380.0,0
30099968,2019,1,1104,1380,0,0,772,1380,657442,miss1_free,2019111041380,0,1628,1380,1104,1380.0,1
30099969,2019,1,1104,1380,0,0,772,1380,657442,sub_out,2019111041380,0,1628,1380,1104,1380.0,0
30099970,2019,1,1104,1380,0,0,772,1380,657448,reb_dead,2019111041380,0,1628,1380,1104,1380.0,1
30099971,2019,1,1104,1380,0,0,772,1380,657450,sub_in,2019111041380,0,1628,1380,1104,1380.0,0
30099975,2019,1,1104,1380,0,0,781,1104,653562,turnover,2019111041380,0,1619,1104,1380,1104.0,0
30099976,2019,1,1104,1380,0,0,781,1104,653563,sub_out,2019111041380,0,1619,1104,1380,1104.0,0
30099977,2019,1,1104,1380,0,0,781,1104,653569,sub_in,2019111041380,0,1619,1104,1380,1104.0,1
30099978,2019,1,1104,1380,0,0,781,1380,657442,sub_in,2019111041380,0,1619,1380,1104,1104.0,0
30099979,2019,1,1104,1380,0,0,781,1380,657446,sub_out,2019111041380,0,1619,1380,1104,1104.0,1
30099972,2019,1,1104,1380,0,0,781,1104,653556,sub_in,2019111041380,0,1619,1104,1380,1380.0,1
30099973,2019,1,1104,1380,0,0,781,1104,653562,foul_pers,2019111041380,0,1619,1104,1380,1380.0,0
30099974,2019,1,1104,1380,0,0,781,1104,653562,sub_out,2019111041380,0,1619,1104,1380,1380.0,1
30099980,2019,1,1104,1380,0,0,813,1104,653559,sub_in,2019111041380,0,1587,1104,1380,1104.0,0
30099981,2019,1,1104,1380,0,0,813,1104,653561,foul_pers,2019111041380,0,1587,1104,1380,1104.0,1
30099982,2019,1,1104,1380,0,0,813,1104,653561,sub_out,2019111041380,0,1587,1104,1380,1104.0,0
30099983,2019,1,1104,1380,29,19,813,1380,657432,made1_free,2019111041380,0,1587,1380,1104,1380.0,1
30099984,2019,1,1104,1380,29,20,813,1380,657432,made1_free,2019111041380,0,1587,1380,1104,1380.0,0
30099985,2019,1,1104,1380,32,20,829,1104,653564,made3_jump,2019111041380,0,1571,1104,1380,1104.0,0
30099986,2019,1,1104,1380,0,0,846,1104,653559,foul_pers,2019111041380,0,1554,1104,1380,1104.0,0
30099987,2019,1,1104,1380,32,21,846,1380,657432,made1_free,2019111041380,0,1554,1380,1104,1380.0,0
30099988,2019,1,1104,1380,32,22,846,1380,657432,made1_free,2019111041380,0,1554,1380,1104,1380.0,0
30099989,2019,1,1104,1380,0,0,862,1104,653559,turnover,2019111041380,0,1538,1104,1380,1104.0,0
30099990,2019,1,1104,1380,0,0,888,1380,657438,foul_pers,2019111041380,0,1512,1380,1104,1104.0,0
30099991,2019,1,1104,1380,0,0,888,1380,657438,sub_out,2019111041380,0,1512,1380,1104,1104.0,0
30099992,2019,1,1104,1380,0,0,888,1380,657438,turnover,2019111041380,0,1512,1380,1104,1380.0,0
30099993,2019,1,1104,1380,0,0,888,1380,657444,sub_in,2019111041380,0,1512,1380,1104,1380.0,0
30099994,2019,1,1104,1380,0,0,898,1104,653564,miss3_jump,2019111041380,0,1502,1104,1380,1104.0,1
30099995,2019,1,1104,1380,0,0,898,1380,657437,reb_def,2019111041380,0,1502,1380,1104,1104.0,1
30099996,2019,1,1104,1380,0,0,901,1104,653559,foul_pers,2019111041380,0,1499,1104,1380,1104.0,0
30099997,2019,1,1104,1380,0,0,901,1104,653559,sub_out,2019111041380,0,1499,1104,1380,1104.0,0
30099998,2019,1,1104,1380,0,0,901,1104,653561,sub_in,2019111041380,0,1499,1104,1380,1104.0,0
30099999,2019,1,1104,1380,32,23,901,1380,657437,made1_free,2019111041380,0,1499,1380,1104,1380.0,1
30100000,2019,1,1104,1380,32,24,901,1380,657437,made1_free,2019111041380,0,1499,1380,1104,1380.0,0
30100006,2019,1,1104,1380,33,24,914,1104,653561,made1_free,2019111041380,0,1486,1104,1380,1104.0,1
30100007,2019,1,1104,1380,34,24,914,1104,653561,made1_free,2019111041380,0,1486,1104,1380,1104.0,1
30100001,2019,1,1104,1380,0,0,914,1104,653557,sub_in,2019111041380,0,1486,1104,1380,1380.0,1
30100002,2019,1,1104,1380,0,0,914,1104,653565,sub_out,2019111041380,0,1486,1104,1380,1380.0,0
30100003,2019,1,1104,1380,0,0,914,1380,657433,sub_in,2019111041380,0,1486,1380,1104,1380.0,1
30100004,2019,1,1104,1380,0,0,914,1380,657437,foul_pers,2019111041380,0,1486,1380,1104,1380.0,1
30100005,2019,1,1104,1380,0,0,914,1380,657437,sub_out,2019111041380,0,1486,1380,1104,1380.0,0
30100008,2019,1,1104,1380,0,0,932,1104,653569,block,2019111041380,0,1468,1104,1380,1380.0,0
30100009,2019,1,1104,1380,0,0,932,1380,657444,miss2_jump,2019111041380,0,1468,1380,1104,1380.0,1
30100010,2019,1,1104,1380,0,0,932,1380,657448,reb_off,2019111041380,0,1468,1380,1104,1380.0,0
30100011,2019,1,1104,1380,0,0,945,1380,657433,miss2_jump,2019111041380,0,1455,1380,1104,1380.0,0
30100012,2019,1,1104,1380,0,0,945,1380,657444,reb_off,2019111041380,0,1455,1380,1104,1380.0,0
30100013,2019,1,1104,1380,0,0,950,1104,653561,reb_def,2019111041380,0,1450,1104,1380,1380.0,1
30100014,2019,1,1104,1380,0,0,950,1380,657432,miss3_jump,2019111041380,0,1450,1380,1104,1380.0,0
30100015,2019,1,1104,1380,0,0,966,1104,653556,assist,2019111041380,0,1434,1104,1380,1104.0,0
30100016,2019,1,1104,1380,36,24,966,1104,653561,made2_jump,2019111041380,0,1434,1104,1380,1104.0,0
30100017,2019,1,1104,1380,0,0,981,1380,657433,miss3_jump,2019111041380,0,1419,1380,1104,1380.0,0
30100018,2019,1,1104,1380,0,0,981,1380,657448,reb_off,2019111041380,0,1419,1380,1104,1380.0,0
30100019,2019,1,1104,1380,0,0,986,1380,657448,timeout_tv,2019111041380,0,1414,1380,1104,1380.0,0
30100020,2019,1,1104,1380,0,0,1006,1104,653557,reb_def,2019111041380,0,1394,1104,1380,1380.0,1
30100021,2019,1,1104,1380,0,0,1006,1380,657450,miss3_jump,2019111041380,0,1394,1380,1104,1380.0,1
30100022,2019,1,1104,1380,0,0,1011,1104,653557,miss1_free,2019111041380,0,1389,1104,1380,1104.0,0
30100023,2019,1,1104,1380,0,0,1011,1380,657432,foul_pers,2019111041380,0,1389,1380,1104,1104.0,1
30100024,2019,1,1104,1380,0,0,1011,1380,657444,reb_def,2019111041380,0,1389,1380,1104,1104.0,1
30100025,2019,1,1104,1380,0,0,1011,1380,657447,sub_in,2019111041380,0,1389,1380,1104,1104.0,1
30100026,2019,1,1104,1380,0,0,1011,1380,657450,sub_out,2019111041380,0,1389,1380,1104,1104.0,0
30100027,2019,1,1104,1380,37,24,1011,1104,653557,made1_free,2019111041380,0,1389,1104,1380,1104.0,1
30100028,2019,1,1104,1380,0,0,1026,1380,657432,turnover,2019111041380,0,1374,1380,1104,1380.0,0
30100030,2019,1,1104,1380,0,0,1041,1104,653569,turnover,2019111041380,0,1359,1104,1380,1104.0,1
30100029,2019,1,1104,1380,0,0,1041,1104,653569,foul_pers,2019111041380,0,1359,1104,1380,1380.0,0
30100031,2019,1,1104,1380,0,0,1060,1104,653561,block,2019111041380,0,1340,1104,1380,1380.0,1
30100032,2019,1,1104,1380,0,0,1060,1380,657447,miss2_jump,2019111041380,0,1340,1380,1104,1380.0,0
30100033,2019,1,1104,1380,0,0,1061,1104,653557,reb_def,2019111041380,0,1339,1104,1380,1380.0,1
30100034,2019,1,1104,1380,0,0,1077,1104,653569,miss3_jump,2019111041380,0,1323,1104,1380,1104.0,0
30100035,2019,1,1104,1380,0,0,1077,1380,657447,reb_def,2019111041380,0,1323,1380,1104,1104.0,1
30100036,2019,1,1104,1380,0,0,1094,1104,653564,block,2019111041380,0,1306,1104,1380,1380.0,1
30100037,2019,1,1104,1380,0,0,1094,1380,657433,miss3_jump,2019111041380,0,1306,1380,1104,1380.0,0
30100038,2019,1,1104,1380,0,0,1096,1104,653557,reb_def,2019111041380,0,1304,1104,1380,1380.0,1
30100039,2019,1,1104,1380,0,0,1104,1104,653561,assist,2019111041380,0,1296,1104,1380,1104.0,1
30100040,2019,1,1104,1380,40,24,1104,1104,653564,made3_jump,2019111041380,0,1296,1104,1380,1104.0,0
30100041,2019,1,1104,1380,0,0,1106,1380,657448,timeout,2019111041380,0,1294,1380,1104,1104.0,1
30100042,2019,1,1104,1380,0,0,1122,1104,653561,reb_def,2019111041380,0,1278,1104,1380,1380.0,1
30100043,2019,1,1104,1380,0,0,1122,1380,657444,miss2_jump,2019111041380,0,1278,1380,1104,1380.0,0
30100044,2019,1,1104,1380,42,24,1134,1104,653556,made2_lay,2019111041380,0,1266,1104,1380,1104.0,1
30100045,2019,1,1104,1380,0,0,1145,1104,653559,sub_in,2019111041380,0,1255,1104,1380,1104.0,0
30100046,2019,1,1104,1380,0,0,1145,1104,653561,foul_pers,2019111041380,0,1255,1104,1380,1104.0,0
30100047,2019,1,1104,1380,0,0,1145,1104,653561,sub_out,2019111041380,0,1255,1104,1380,1104.0,1
30100048,2019,1,1104,1380,0,0,1145,1380,657432,miss1_free,2019111041380,0,1255,1380,1104,1380.0,0
30100049,2019,1,1104,1380,0,0,1145,1380,657446,sub_in,2019111041380,0,1255,1380,1104,1380.0,0
30100050,2019,1,1104,1380,0,0,1145,1380,657447,sub_out,2019111041380,0,1255,1380,1104,1380.0,1
30100051,2019,1,1104,1380,0,0,1145,1380,657448,reb_dead,2019111041380,0,1255,1380,1104,1380.0,0
30100052,2019,1,1104,1380,42,25,1145,1380,657432,made1_free,2019111041380,0,1255,1380,1104,1380.0,1
30100053,2019,1,1104,1380,0,0,1156,1104,653557,reb_off,2019111041380,0,1244,1104,1380,1104.0,0
30100054,2019,1,1104,1380,0,0,1156,1104,653564,miss3_jump,2019111041380,0,1244,1104,1380,1104.0,0
30100055,2019,1,1104,1380,0,0,1165,1104,653569,miss3_jump,2019111041380,0,1235,1104,1380,1104.0,0
30100056,2019,1,1104,1380,0,0,1165,1104,653569,reb_off,2019111041380,0,1235,1104,1380,1104.0,0
30100057,2019,1,1104,1380,0,0,1192,1104,653556,miss3_jump,2019111041380,0,1208,1104,1380,1104.0,0
30100058,2019,1,1104,1380,0,0,1192,1104,653569,reb_off,2019111041380,0,1208,1104,1380,1104.0,0
30100059,2019,1,1104,1380,0,0,1196,1380,657444,foul_pers,2019111041380,0,1204,1380,1104,1104.0,0
30100060,2019,1,1104,1380,44,25,1196,1104,653569,made2_jump,2019111041380,0,1204,1104,1380,1104.0,1
30100061,2019,1,1104,1380,45,25,1196,1104,653569,made1_free,2019111041380,0,1204,1104,1380,1104.0,1
30100062,2019,1,1104,1380,0,0,1200,1104,653569,foul_pers,2019111041380,0,1200,1104,1380,1104.0,1
30100063,2019,1,1104,1380,45,26,1200,1380,657432,made1_free,2019111041380,0,1200,1380,1104,1380.0,1
30100064,2019,1,1104,1380,45,27,1200,1380,657432,made1_free,2019111041380,0,1200,1380,1104,1380.0,0
30100065,2019,1,1104,1380,0,0,1214,1104,653562,miss2_jump,2019111041380,0,1186,1104,1380,1104.0,1
30100066,2019,1,1104,1380,0,0,1214,1380,657447,block,2019111041380,0,1186,1380,1104,1104.0,0
30100067,2019,1,1104,1380,0,0,1216,1104,653565,reb_off,2019111041380,0,1184,1104,1380,1104.0,1
30100068,2019,1,1104,1380,0,0,1219,1104,653565,assist,2019111041380,0,1181,1104,1380,1104.0,0
30100069,2019,1,1104,1380,47,27,1219,1104,653561,made2_dunk,2019111041380,0,1181,1104,1380,1104.0,1
30100070,2019,1,1104,1380,0,0,1235,1104,653568,reb_def,2019111041380,0,1165,1104,1380,1380.0,1
30100071,2019,1,1104,1380,0,0,1235,1380,657437,miss2_jump,2019111041380,0,1165,1380,1104,1380.0,0
30100072,2019,1,1104,1380,0,0,1248,1104,653563,assist,2019111041380,0,1152,1104,1380,1104.0,1
30100073,2019,1,1104,1380,49,27,1248,1104,653562,made2_jump,2019111041380,0,1152,1104,1380,1104.0,0
30100074,2019,1,1104,1380,0,0,1261,1104,653565,block,2019111041380,0,1139,1104,1380,1380.0,0
30100075,2019,1,1104,1380,0,0,1261,1380,657441,miss2_jump,2019111041380,0,1139,1380,1104,1380.0,0
30100076,2019,1,1104,1380,0,0,1263,1380,657448,reb_off,2019111041380,0,1137,1380,1104,1380.0,0
30100077,2019,1,1104,1380,0,0,1280,1380,657437,assist,2019111041380,0,1120,1380,1104,1380.0,0
30100078,2019,1,1104,1380,49,29,1280,1380,657434,made2_jump,2019111041380,0,1120,1380,1104,1380.0,0
30100079,2019,1,1104,1380,0,0,1300,1380,657434,foul_pers,2019111041380,0,1100,1380,1104,1380.0,0
30100080,2019,1,1104,1380,0,0,1306,1104,653564,miss2_jump,2019111041380,0,1094,1104,1380,1104.0,1
30100081,2019,1,1104,1380,0,0,1306,1380,657434,reb_def,2019111041380,0,1094,1380,1104,1104.0,1
30100082,2019,1,1104,1380,49,31,1316,1380,657441,made2_lay,2019111041380,0,1084,1380,1104,1380.0,0
30100084,2019,1,1104,1380,0,0,1333,1104,653563,turnover,2019111041380,0,1067,1104,1380,1104.0,0
30100083,2019,1,1104,1380,0,0,1333,1104,653563,foul_pers,2019111041380,0,1067,1104,1380,1380.0,0
30100085,2019,1,1104,1380,0,0,1345,1380,657441,assist,2019111041380,0,1055,1380,1104,1380.0,1
30100086,2019,1,1104,1380,49,34,1345,1380,657437,made3_jump,2019111041380,0,1055,1380,1104,1380.0,0
30100087,2019,1,1104,1380,0,0,1360,1104,653565,miss2_jump,2019111041380,0,1040,1104,1380,1104.0,0
30100088,2019,1,1104,1380,0,0,1360,1380,657432,reb_def,2019111041380,0,1040,1380,1104,1104.0,1
30100089,2019,1,1104,1380,0,0,1365,1380,657432,assist,2019111041380,0,1035,1380,1104,1380.0,0
30100090,2019,1,1104,1380,49,36,1365,1380,657437,made2_dunk,2019111041380,0,1035,1380,1104,1380.0,0
30100091,2019,1,1104,1380,0,0,1368,1104,653556,sub_in,2019111041380,0,1032,1104,1380,1380.0,0
30100092,2019,1,1104,1380,0,0,1368,1104,653562,sub_out,2019111041380,0,1032,1104,1380,1380.0,0
30100093,2019,1,1104,1380,0,0,1368,1104,653568,timeout,2019111041380,0,1032,1104,1380,1380.0,1
30100094,2019,1,1104,1380,51,36,1381,1104,653561,made2_jump,2019111041380,0,1019,1104,1380,1104.0,0
30100095,2019,1,1104,1380,0,0,1404,1380,657434,reb_off,2019111041380,0,996,1380,1104,1380.0,0
30100096,2019,1,1104,1380,0,0,1404,1380,657441,miss2_lay,2019111041380,0,996,1380,1104,1380.0,0
30100097,2019,1,1104,1380,51,38,1410,1380,657434,made2_jump,2019111041380,0,990,1380,1104,1380.0,0
30100098,2019,1,1104,1380,53,38,1425,1104,653563,made2_lay,2019111041380,0,975,1104,1380,1104.0,1
30100099,2019,1,1104,1380,0,0,1441,1104,653564,reb_def,2019111041380,0,959,1104,1380,1380.0,1
30100100,2019,1,1104,1380,0,0,1441,1380,657432,miss3_jump,2019111041380,0,959,1380,1104,1380.0,0
30100101,2019,1,1104,1380,0,0,1450,1104,653565,turnover,2019111041380,0,950,1104,1380,1104.0,0
30100102,2019,1,1104,1380,0,0,1450,1380,657434,steal,2019111041380,0,950,1380,1104,1104.0,0
30100103,2019,1,1104,1380,0,0,1450,1380,657448,timeout_tv,2019111041380,0,950,1380,1104,1104.0,0
30100104,2019,1,1104,1380,0,0,1465,1104,653564,reb_def,2019111041380,0,935,1104,1380,1380.0,1
30100105,2019,1,1104,1380,0,0,1465,1380,657447,miss2_jump,2019111041380,0,935,1380,1104,1380.0,1
30100106,2019,1,1104,1380,0,0,1484,1380,657437,foul_pers,2019111041380,0,916,1380,1104,1380.0,0
30100107,2019,1,1104,1380,0,0,1484,1380,657437,sub_out,2019111041380,0,916,1380,1104,1380.0,1
30100108,2019,1,1104,1380,0,0,1484,1380,657442,sub_in,2019111041380,0,916,1380,1104,1380.0,0
30100109,2019,1,1104,1380,0,0,1487,1104,653565,turnover,2019111041380,0,913,1104,1380,1104.0,0
30100110,2019,1,1104,1380,0,0,1489,1380,657434,steal,2019111041380,0,911,1380,1104,1104.0,0
30100111,2019,1,1104,1380,0,0,1504,1380,657441,miss2_lay,2019111041380,0,896,1380,1104,1380.0,0
30100112,2019,1,1104,1380,0,0,1504,1380,657448,reb_off,2019111041380,0,896,1380,1104,1380.0,0
30100113,2019,1,1104,1380,0,0,1506,1104,653563,sub_out,2019111041380,0,894,1104,1380,1380.0,1
30100114,2019,1,1104,1380,0,0,1506,1104,653569,sub_in,2019111041380,0,894,1104,1380,1380.0,0
30100115,2019,1,1104,1380,0,0,1520,1104,653568,reb_def,2019111041380,0,880,1104,1380,1380.0,1
30100116,2019,1,1104,1380,0,0,1520,1380,657447,miss2_lay,2019111041380,0,880,1380,1104,1380.0,0
30100117,2019,1,1104,1380,0,0,1538,1104,653564,assist,2019111041380,0,862,1104,1380,1104.0,0
30100118,2019,1,1104,1380,55,38,1538,1104,653561,made2_lay,2019111041380,0,862,1104,1380,1104.0,1
30100119,2019,1,1104,1380,0,0,1556,1380,657441,reb_off,2019111041380,0,844,1380,1104,1380.0,0
30100120,2019,1,1104,1380,0,0,1556,1380,657447,miss2_jump,2019111041380,0,844,1380,1104,1380.0,1
30100121,2019,1,1104,1380,55,40,1559,1380,657441,made2_jump,2019111041380,0,841,1380,1104,1380.0,0
30100122,2019,1,1104,1380,0,0,1567,1104,653564,assist,2019111041380,0,833,1104,1380,1104.0,1
30100123,2019,1,1104,1380,58,40,1567,1104,653556,made3_jump,2019111041380,0,833,1104,1380,1104.0,0
30100124,2019,1,1104,1380,0,0,1577,1104,653561,foul_pers,2019111041380,0,823,1104,1380,1104.0,0
30100125,2019,1,1104,1380,0,0,1577,1104,653561,sub_out,2019111041380,0,823,1104,1380,1104.0,0
30100126,2019,1,1104,1380,0,0,1577,1104,653562,sub_in,2019111041380,0,823,1104,1380,1104.0,0
30100127,2019,1,1104,1380,0,0,1577,1380,657432,miss1_free,2019111041380,0,823,1380,1104,1380.0,0
30100128,2019,1,1104,1380,0,0,1577,1380,657442,sub_out,2019111041380,0,823,1380,1104,1380.0,0
30100129,2019,1,1104,1380,0,0,1577,1380,657446,sub_in,2019111041380,0,823,1380,1104,1380.0,0
30100130,2019,1,1104,1380,0,0,1577,1380,657448,reb_dead,2019111041380,0,823,1380,1104,1380.0,0
30100131,2019,1,1104,1380,58,41,1577,1380,657432,made1_free,2019111041380,0,823,1380,1104,1380.0,0
30100132,2019,1,1104,1380,0,0,1592,1104,653569,turnover,2019111041380,0,808,1104,1380,1104.0,1
30100133,2019,1,1104,1380,0,0,1594,1380,657447,steal,2019111041380,0,806,1380,1104,1104.0,1
30100134,2019,1,1104,1380,0,0,1600,1104,653569,reb_def,2019111041380,0,800,1104,1380,1380.0,1
30100135,2019,1,1104,1380,0,0,1600,1380,657446,miss3_jump,2019111041380,0,800,1380,1104,1380.0,0
30100136,2019,1,1104,1380,0,0,1603,1104,653557,sub_in,2019111041380,0,797,1104,1380,1380.0,1
30100137,2019,1,1104,1380,0,0,1603,1104,653565,sub_out,2019111041380,0,797,1104,1380,1380.0,0
30100138,2019,1,1104,1380,0,0,1603,1380,657447,foul_pers,2019111041380,0,797,1380,1104,1380.0,1
30100139,2019,1,1104,1380,0,0,1618,1104,653562,miss2_jump,2019111041380,0,782,1104,1380,1104.0,0
30100140,2019,1,1104,1380,0,0,1618,1380,657432,reb_def,2019111041380,0,782,1380,1104,1104.0,1
30100141,2019,1,1104,1380,0,0,1630,1104,653564,reb_def,2019111041380,0,770,1104,1380,1380.0,1
30100142,2019,1,1104,1380,0,0,1630,1380,657446,miss3_jump,2019111041380,0,770,1380,1104,1380.0,1
30100143,2019,1,1104,1380,0,0,1634,1380,657432,foul_pers,2019111041380,0,766,1380,1104,1380.0,0
30100144,2019,1,1104,1380,0,0,1651,1104,653569,miss3_jump,2019111041380,0,749,1104,1380,1104.0,1
30100145,2019,1,1104,1380,0,0,1651,1380,657432,reb_def,2019111041380,0,749,1380,1104,1104.0,1
30100146,2019,1,1104,1380,0,0,1672,1104,653556,foul_pers,2019111041380,0,728,1104,1380,1104.0,1
30100147,2019,1,1104,1380,0,0,1672,1104,653564,sub_out,2019111041380,0,728,1104,1380,1104.0,0
30100148,2019,1,1104,1380,0,0,1672,1104,653565,sub_in,2019111041380,0,728,1104,1380,1104.0,0
30100149,2019,1,1104,1380,0,0,1672,1380,657432,sub_out,2019111041380,0,728,1380,1104,1104.0,0
30100150,2019,1,1104,1380,0,0,1672,1380,657438,sub_in,2019111041380,0,728,1380,1104,1104.0,0
30100151,2019,1,1104,1380,0,0,1672,1380,657447,sub_out,2019111041380,0,728,1380,1104,1104.0,1
30100152,2019,1,1104,1380,0,0,1672,1380,657450,sub_in,2019111041380,0,728,1380,1104,1104.0,0
30100153,2019,1,1104,1380,58,42,1672,1380,657432,made1_free,2019111041380,0,728,1380,1104,1380.0,0
30100154,2019,1,1104,1380,58,43,1672,1380,657432,made1_free,2019111041380,0,728,1380,1104,1380.0,0
30100155,2019,1,1104,1380,0,0,1689,1104,653557,miss2_jump,2019111041380,0,711,1104,1380,1104.0,0
30100156,2019,1,1104,1380,0,0,1689,1104,653562,miss1_free,2019111041380,0,711,1104,1380,1104.0,0
30100157,2019,1,1104,1380,0,0,1689,1104,653562,reb_off,2019111041380,0,711,1104,1380,1104.0,0
30100158,2019,1,1104,1380,0,0,1689,1104,653568,timeout_tv,2019111041380,0,711,1104,1380,1104.0,0
30100159,2019,1,1104,1380,0,0,1689,1380,657432,sub_in,2019111041380,0,711,1380,1104,1104.0,0
30100160,2019,1,1104,1380,0,0,1689,1380,657434,foul_pers,2019111041380,0,711,1380,1104,1104.0,0
30100161,2019,1,1104,1380,0,0,1689,1380,657438,reb_def,2019111041380,0,711,1380,1104,1104.0,1
30100162,2019,1,1104,1380,0,0,1689,1380,657450,sub_out,2019111041380,0,711,1380,1104,1104.0,1
30100163,2019,1,1104,1380,59,43,1689,1104,653562,made1_free,2019111041380,0,711,1104,1380,1104.0,0
30100164,2019,1,1104,1380,0,0,1714,1104,653569,reb_def,2019111041380,0,686,1104,1380,1380.0,1
30100165,2019,1,1104,1380,0,0,1714,1380,657432,miss2_jump,2019111041380,0,686,1380,1104,1380.0,0
30100166,2019,1,1104,1380,0,0,1722,1104,653561,sub_in,2019111041380,0,678,1104,1380,1380.0,0
30100167,2019,1,1104,1380,0,0,1722,1104,653562,sub_out,2019111041380,0,678,1104,1380,1380.0,1
30100168,2019,1,1104,1380,0,0,1722,1380,657434,foul_pers,2019111041380,0,678,1380,1104,1380.0,0
30100169,2019,1,1104,1380,0,0,1722,1380,657434,sub_out,2019111041380,0,678,1380,1104,1380.0,1
30100170,2019,1,1104,1380,0,0,1722,1380,657447,sub_in,2019111041380,0,678,1380,1104,1380.0,0
30100171,2019,1,1104,1380,0,0,1727,1104,653561,miss2_jump,2019111041380,0,673,1104,1380,1104.0,1
30100172,2019,1,1104,1380,0,0,1727,1104,653569,reb_off,2019111041380,0,673,1104,1380,1104.0,0
30100173,2019,1,1104,1380,0,0,1729,1104,653561,reb_off,2019111041380,0,671,1104,1380,1104.0,0
30100174,2019,1,1104,1380,0,0,1729,1104,653569,miss2_jump,2019111041380,0,671,1104,1380,1104.0,0
30100175,2019,1,1104,1380,0,0,1729,1380,657447,foul_pers,2019111041380,0,671,1380,1104,1104.0,1
30100176,2019,1,1104,1380,0,0,1734,1104,653561,miss1_free,2019111041380,0,666,1104,1380,1104.0,0
30100177,2019,1,1104,1380,0,0,1734,1380,657447,reb_def,2019111041380,0,666,1380,1104,1104.0,1
30100178,2019,1,1104,1380,0,0,1741,1380,657432,turnover,2019111041380,0,659,1380,1104,1380.0,1
30100179,2019,1,1104,1380,0,0,1742,1104,653557,steal,2019111041380,0,658,1104,1380,1380.0,0
30100180,2019,1,1104,1380,0,0,1747,1104,653557,assist,2019111041380,0,653,1104,1380,1104.0,0
30100181,2019,1,1104,1380,62,43,1747,1104,653565,made3_jump,2019111041380,0,653,1104,1380,1104.0,1
30100182,2019,1,1104,1380,62,45,1771,1380,657447,made2_jump,2019111041380,0,629,1380,1104,1380.0,0
30100183,2019,1,1104,1380,0,0,1794,1104,653561,reb_off,2019111041380,0,606,1104,1380,1104.0,0
30100184,2019,1,1104,1380,0,0,1794,1104,653569,miss2_jump,2019111041380,0,606,1104,1380,1104.0,0
30100185,2019,1,1104,1380,0,0,1797,1104,653556,sub_out,2019111041380,0,603,1104,1380,1104.0,1
30100186,2019,1,1104,1380,0,0,1797,1104,653561,turnover,2019111041380,0,603,1104,1380,1104.0,0
30100187,2019,1,1104,1380,0,0,1797,1104,653563,sub_in,2019111041380,0,603,1104,1380,1104.0,1
30100188,2019,1,1104,1380,0,0,1808,1104,653557,reb_def,2019111041380,0,592,1104,1380,1380.0,1
30100189,2019,1,1104,1380,0,0,1808,1380,657447,miss2_jump,2019111041380,0,592,1380,1104,1380.0,1
30100190,2019,1,1104,1380,0,0,1820,1104,653561,miss1_free,2019111041380,0,580,1104,1380,1104.0,0
30100191,2019,1,1104,1380,0,0,1820,1380,657446,foul_pers,2019111041380,0,580,1380,1104,1104.0,1
30100192,2019,1,1104,1380,0,0,1820,1380,657446,reb_def,2019111041380,0,580,1380,1104,1104.0,1
30100193,2019,1,1104,1380,64,45,1820,1104,653561,made2_lay,2019111041380,0,580,1104,1380,1104.0,1
30100194,2019,1,1104,1380,0,0,1835,1104,653563,reb_def,2019111041380,0,565,1104,1380,1380.0,1
30100195,2019,1,1104,1380,0,0,1835,1380,657441,miss2_jump,2019111041380,0,565,1380,1104,1380.0,0
30100203,2019,1,1104,1380,65,45,1840,1104,653569,made1_free,2019111041380,0,560,1104,1380,1104.0,0
30100204,2019,1,1104,1380,66,45,1840,1104,653569,made1_free,2019111041380,0,560,1104,1380,1104.0,0
30100196,2019,1,1104,1380,0,0,1840,1104,653559,sub_in,2019111041380,0,560,1104,1380,1380.0,1
30100197,2019,1,1104,1380,0,0,1840,1104,653561,sub_out,2019111041380,0,560,1104,1380,1380.0,0
30100198,2019,1,1104,1380,0,0,1840,1380,657432,sub_out,2019111041380,0,560,1380,1104,1380.0,0
30100199,2019,1,1104,1380,0,0,1840,1380,657437,sub_in,2019111041380,0,560,1380,1104,1380.0,0
30100200,2019,1,1104,1380,0,0,1840,1380,657442,sub_in,2019111041380,0,560,1380,1104,1380.0,0
30100201,2019,1,1104,1380,0,0,1840,1380,657447,foul_pers,2019111041380,0,560,1380,1104,1380.0,0
30100202,2019,1,1104,1380,0,0,1840,1380,657447,sub_out,2019111041380,0,560,1380,1104,1380.0,0
30100205,2019,1,1104,1380,0,0,1858,1104,653559,miss1_free,2019111041380,0,542,1104,1380,1104.0,0
30100207,2019,1,1104,1380,0,0,1858,1104,653568,reb_dead,2019111041380,0,542,1104,1380,1104.0,1
30100208,2019,1,1104,1380,0,0,1858,1380,657438,foul_pers,2019111041380,0,542,1380,1104,1104.0,0
30100210,2019,1,1104,1380,67,45,1858,1104,653559,made1_free,2019111041380,0,542,1104,1380,1104.0,0
30100206,2019,1,1104,1380,0,0,1858,1104,653559,reb_def,2019111041380,0,542,1104,1380,1380.0,1
30100209,2019,1,1104,1380,0,0,1858,1380,657441,miss2_jump,2019111041380,0,542,1380,1104,1380.0,1
30100211,2019,1,1104,1380,0,0,1876,1380,657438,reb_off,2019111041380,0,524,1380,1104,1380.0,1
30100212,2019,1,1104,1380,0,0,1876,1380,657446,miss3_jump,2019111041380,0,524,1380,1104,1380.0,0
30100213,2019,1,1104,1380,0,0,1880,1104,653557,sub_out,2019111041380,0,520,1104,1380,1380.0,1
30100214,2019,1,1104,1380,0,0,1880,1104,653559,foul_pers,2019111041380,0,520,1104,1380,1380.0,0
30100215,2019,1,1104,1380,0,0,1880,1104,653559,reb_def,2019111041380,0,520,1104,1380,1380.0,1
30100216,2019,1,1104,1380,0,0,1880,1104,653564,sub_in,2019111041380,0,520,1104,1380,1380.0,0
30100217,2019,1,1104,1380,0,0,1880,1380,657438,miss1_free,2019111041380,0,520,1380,1104,1380.0,1
30100218,2019,1,1104,1380,0,0,1880,1380,657438,miss1_free,2019111041380,0,520,1380,1104,1380.0,0
30100219,2019,1,1104,1380,0,0,1880,1380,657448,reb_dead,2019111041380,0,520,1380,1104,1380.0,1
30100220,2019,1,1104,1380,0,0,1900,1104,653559,miss1_free,2019111041380,0,500,1104,1380,1104.0,0
30100221,2019,1,1104,1380,0,0,1900,1104,653559,reb_off,2019111041380,0,500,1104,1380,1104.0,1
30100222,2019,1,1104,1380,0,0,1900,1104,653569,miss2_jump,2019111041380,0,500,1104,1380,1104.0,0
30100223,2019,1,1104,1380,0,0,1900,1380,657432,reb_def,2019111041380,0,500,1380,1104,1104.0,1
30100224,2019,1,1104,1380,0,0,1900,1380,657432,sub_in,2019111041380,0,500,1380,1104,1104.0,0
30100225,2019,1,1104,1380,0,0,1900,1380,657441,foul_pers,2019111041380,0,500,1380,1104,1104.0,0
30100226,2019,1,1104,1380,0,0,1900,1380,657441,sub_out,2019111041380,0,500,1380,1104,1104.0,0
30100227,2019,1,1104,1380,68,45,1900,1104,653559,made1_free,2019111041380,0,500,1104,1380,1104.0,0
30100228,2019,1,1104,1380,0,0,1904,1380,657438,turnover,2019111041380,0,496,1380,1104,1380.0,0
30100230,2019,1,1104,1380,0,0,1914,1104,653559,turnover,2019111041380,0,486,1104,1380,1104.0,0
30100229,2019,1,1104,1380,0,0,1914,1104,653559,foul_pers,2019111041380,0,486,1104,1380,1380.0,0
30100231,2019,1,1104,1380,0,0,1936,1380,657446,turnover,2019111041380,0,464,1380,1104,1380.0,0
30100232,2019,1,1104,1380,0,0,1936,1380,657448,timeout_tv,2019111041380,0,464,1380,1104,1380.0,0
30100233,2019,1,1104,1380,0,0,1959,1104,653565,assist,2019111041380,0,441,1104,1380,1104.0,1
30100234,2019,1,1104,1380,71,45,1959,1104,653564,made3_jump,2019111041380,0,441,1104,1380,1104.0,0
30100235,2019,1,1104,1380,0,0,1968,1380,657437,turnover,2019111041380,0,432,1380,1104,1380.0,0
30100236,2019,1,1104,1380,0,0,1968,1380,657438,sub_out,2019111041380,0,432,1380,1104,1380.0,0
30100237,2019,1,1104,1380,0,0,1968,1380,657444,sub_in,2019111041380,0,432,1380,1104,1380.0,0
30100238,2019,1,1104,1380,0,0,1977,1104,653559,reb_off,2019111041380,0,423,1104,1380,1104.0,1
30100239,2019,1,1104,1380,0,0,1977,1104,653564,miss3_jump,2019111041380,0,423,1104,1380,1104.0,0
30100240,2019,1,1104,1380,0,0,1982,1104,653559,turnover,2019111041380,0,418,1104,1380,1104.0,0
30100241,2019,1,1104,1380,0,0,1994,1104,653559,sub_out,2019111041380,0,406,1104,1380,1104.0,0
30100242,2019,1,1104,1380,0,0,1994,1104,653562,sub_in,2019111041380,0,406,1104,1380,1104.0,1
30100243,2019,1,1104,1380,0,0,1994,1104,653565,foul_pers,2019111041380,0,406,1104,1380,1104.0,0
30100244,2019,1,1104,1380,0,0,1994,1380,657441,sub_in,2019111041380,0,406,1380,1104,1104.0,1
30100245,2019,1,1104,1380,0,0,1994,1380,657442,sub_out,2019111041380,0,406,1380,1104,1104.0,0
30100246,2019,1,1104,1380,0,0,2006,1104,653563,reb_def,2019111041380,0,394,1104,1380,1380.0,1
30100247,2019,1,1104,1380,0,0,2006,1104,653565,foul_pers,2019111041380,0,394,1104,1380,1380.0,1
30100248,2019,1,1104,1380,0,0,2006,1380,657444,miss1_free,2019111041380,0,394,1380,1104,1380.0,0
30100249,2019,1,1104,1380,71,46,2006,1380,657444,made1_free,2019111041380,0,394,1380,1104,1380.0,1
30100251,2019,1,1104,1380,72,46,2020,1104,653562,made1_free,2019111041380,0,380,1104,1380,1104.0,0
30100252,2019,1,1104,1380,73,46,2020,1104,653562,made1_free,2019111041380,0,380,1104,1380,1104.0,0
30100250,2019,1,1104,1380,0,0,2020,1380,657446,foul_pers,2019111041380,0,380,1380,1104,1380.0,1
30100253,2019,1,1104,1380,0,0,2026,1104,653563,reb_def,2019111041380,0,374,1104,1380,1380.0,1
30100254,2019,1,1104,1380,0,0,2026,1104,653569,foul_pers,2019111041380,0,374,1104,1380,1380.0,1
30100255,2019,1,1104,1380,0,0,2026,1380,657437,miss1_free,2019111041380,0,374,1380,1104,1380.0,0
30100256,2019,1,1104,1380,73,47,2026,1380,657437,made1_free,2019111041380,0,374,1380,1104,1380.0,1
30100257,2019,1,1104,1380,0,0,2036,1104,653563,reb_off,2019111041380,0,364,1104,1380,1104.0,0
30100258,2019,1,1104,1380,0,0,2036,1104,653565,miss3_jump,2019111041380,0,364,1104,1380,1104.0,1
30100259,2019,1,1104,1380,0,0,2044,1104,653569,miss3_jump,2019111041380,0,356,1104,1380,1104.0,0
30100260,2019,1,1104,1380,0,0,2044,1380,657437,reb_def,2019111041380,0,356,1380,1104,1104.0,1
30100261,2019,1,1104,1380,73,49,2065,1380,657441,made2_jump,2019111041380,0,335,1380,1104,1380.0,1
30100262,2019,1,1104,1380,0,0,2087,1104,653563,miss2_jump,2019111041380,0,313,1104,1380,1104.0,0
30100263,2019,1,1104,1380,0,0,2087,1104,653563,reb_off,2019111041380,0,313,1104,1380,1104.0,1
30100264,2019,1,1104,1380,75,49,2090,1104,653563,made2_lay,2019111041380,0,310,1104,1380,1104.0,0
30100265,2019,1,1104,1380,0,0,2115,1104,653556,sub_in,2019111041380,0,285,1104,1380,1104.0,1
30100266,2019,1,1104,1380,0,0,2115,1104,653562,foul_pers,2019111041380,0,285,1104,1380,1104.0,0
30100267,2019,1,1104,1380,0,0,2115,1104,653563,reb_def,2019111041380,0,285,1104,1380,1380.0,1
30100268,2019,1,1104,1380,0,0,2115,1104,653564,sub_out,2019111041380,0,285,1104,1380,1380.0,0
30100269,2019,1,1104,1380,0,0,2115,1380,657444,miss1_free,2019111041380,0,285,1380,1104,1380.0,0
30100270,2019,1,1104,1380,75,51,2115,1380,657444,made2_jump,2019111041380,0,285,1380,1104,1380.0,0
30100271,2019,1,1104,1380,0,0,2134,1104,653556,turnover,2019111041380,0,266,1104,1380,1104.0,0
30100272,2019,1,1104,1380,0,0,2135,1380,657441,steal,2019111041380,0,265,1380,1104,1104.0,0
30100273,2019,1,1104,1380,0,0,2141,1380,657441,assist,2019111041380,0,259,1380,1104,1380.0,0
30100274,2019,1,1104,1380,75,53,2141,1380,657444,made2_jump,2019111041380,0,259,1380,1104,1380.0,0
30100275,2019,1,1104,1380,0,0,2155,1104,653565,turnover,2019111041380,0,245,1104,1380,1104.0,0
30100276,2019,1,1104,1380,0,0,2156,1380,657437,steal,2019111041380,0,244,1380,1104,1104.0,0
30100277,2019,1,1104,1380,0,0,2158,1104,653556,sub_out,2019111041380,0,242,1104,1380,1104.0,0
30100278,2019,1,1104,1380,0,0,2158,1104,653557,sub_in,2019111041380,0,242,1104,1380,1104.0,0
30100279,2019,1,1104,1380,0,0,2172,1104,653563,reb_def,2019111041380,0,228,1104,1380,1380.0,1
30100280,2019,1,1104,1380,0,0,2172,1380,657432,miss2_jump,2019111041380,0,228,1380,1104,1380.0,0
30100281,2019,1,1104,1380,0,0,2179,1104,653557,miss3_jump,2019111041380,0,221,1104,1380,1104.0,1
30100282,2019,1,1104,1380,0,0,2179,1380,657441,reb_def,2019111041380,0,221,1380,1104,1104.0,1
30100283,2019,1,1104,1380,0,0,2184,1104,653557,foul_pers,2019111041380,0,216,1104,1380,1104.0,0
30100284,2019,1,1104,1380,0,0,2184,1104,653563,sub_out,2019111041380,0,216,1104,1380,1104.0,1
30100285,2019,1,1104,1380,0,0,2184,1104,653566,sub_in,2019111041380,0,216,1104,1380,1104.0,0
30100286,2019,1,1104,1380,0,0,2184,1380,657444,miss1_free,2019111041380,0,216,1380,1104,1380.0,0
30100287,2019,1,1104,1380,0,0,2184,1380,657448,reb_dead,2019111041380,0,216,1380,1104,1380.0,0
30100288,2019,1,1104,1380,0,0,2184,1380,657448,timeout_tv,2019111041380,0,216,1380,1104,1380.0,1
30100289,2019,1,1104,1380,75,54,2184,1380,657444,made1_free,2019111041380,0,216,1380,1104,1380.0,0
30100290,2019,1,1104,1380,0,0,2206,1104,653569,turnover,2019111041380,0,194,1104,1380,1104.0,1
30100291,2019,1,1104,1380,75,56,2219,1380,657446,made2_jump,2019111041380,0,181,1380,1104,1380.0,0
30100292,2019,1,1104,1380,77,56,2233,1104,653565,made2_jump,2019111041380,0,167,1104,1380,1104.0,1
30100293,2019,1,1104,1380,0,0,2253,1104,653568,reb_def,2019111041380,0,147,1104,1380,1380.0,1
30100294,2019,1,1104,1380,0,0,2253,1380,657432,miss3_jump,2019111041380,0,147,1380,1104,1380.0,1
30100295,2019,1,1104,1380,0,0,2274,1104,653566,turnover,2019111041380,0,126,1104,1380,1104.0,0
30100296,2019,1,1104,1380,0,0,2298,1380,657444,foul_pers,2019111041380,0,102,1380,1104,1104.0,1
30100297,2019,1,1104,1380,0,0,2298,1380,657444,turnover,2019111041380,0,102,1380,1104,1380.0,0
30100298,2019,1,1104,1380,0,0,2310,1104,653557,assist,2019111041380,0,90,1104,1380,1104.0,0
30100299,2019,1,1104,1380,80,56,2310,1104,653569,made3_jump,2019111041380,0,90,1104,1380,1104.0,0
30100300,2019,1,1104,1380,80,58,2334,1380,657444,made2_lay,2019111041380,0,66,1380,1104,1380.0,1
30100301,2019,1,1104,1380,0,0,2356,1104,653562,reb_off,2019111041380,0,44,1104,1380,1104.0,0
30100302,2019,1,1104,1380,0,0,2356,1104,653569,miss3_jump,2019111041380,0,44,1104,1380,1104.0,1
30100303,2019,1,1104,1380,82,58,2364,1104,653562,made2_dunk,2019111041380,0,36,1104,1380,1104.0,0
30100304,2019,1,1104,1380,0,0,2368,1104,653558,sub_in,2019111041380,0,32,1104,1380,1104.0,0
30100305,2019,1,1104,1380,0,0,2368,1104,653565,sub_out,2019111041380,0,32,1104,1380,1104.0,0
30100306,2019,1,1104,1380,0,0,2368,1104,653569,foul_pers,2019111041380,0,32,1104,1380,1104.0,0
30100307,2019,1,1104,1380,0,0,2368,1104,653569,sub_out,2019111041380,0,32,1104,1380,1104.0,0
30100308,2019,1,1104,1380,0,0,2368,1104,653570,sub_in,2019111041380,0,32,1104,1380,1104.0,0
30100309,2019,1,1104,1380,0,0,2368,1380,657441,sub_out,2019111041380,0,32,1380,1104,1104.0,0
30100310,2019,1,1104,1380,0,0,2368,1380,657449,sub_in,2019111041380,0,32,1380,1104,1104.0,0
30100311,2019,1,1104,1380,82,59,2368,1380,657441,made1_free,2019111041380,0,32,1380,1104,1380.0,0
30100312,2019,1,1104,1380,82,60,2368,1380,657441,made1_free,2019111041380,0,32,1380,1104,1380.0,0
30100313,2019,1,1104,1380,0,0,2395,1104,653570,miss2_jump,2019111041380,0,5,1104,1380,1104.0,0
30100314,2019,1,1104,1380,0,0,2395,1380,657448,reb_def,2019111041380,0,5,1380,1104,1104.0,1
30100315,2019,1,1104,1380,82,62,2399,1380,657437,made2_jump,2019111041380,0,1,1380,1104,1380.0,0
